{"train/loss": 4.957, "train/learning_rate": 0.0, "train/epoch": 3.35, "train/global_step": 3000, "_timestamp": 1683971595.176724, "_runtime": 33053.97300386429, "_step": 601, "train/train_runtime": 32833.747, "train/train_samples_per_second": 11.695, "train/train_steps_per_second": 0.091, "train/total_flos": 8.319708097790607e+17, "train/train_loss": 5.246070475260416, "_wandb": {"runtime": 33052}}