{"_timestamp": 1683545726.7033398, "_runtime": 6206.54510474205, "_step": 13}