{"train/loss": 0.9456, "train/learning_rate": 0.010333333333333335, "train/epoch": 1.24, "train/global_step": 1450, "_timestamp": 1685010080.8725436, "_runtime": 29393.5534324646, "_step": 144}