{"train/loss": 0.8695, "train/learning_rate": 0.010400000000000001, "train/epoch": 1.23, "train/global_step": 1440, "_timestamp": 1685009877.8474934, "_runtime": 29190.52838230133, "_step": 143}