{"train/loss": 0.7841, "train/learning_rate": 0.0, "train/epoch": 2.56, "train/global_step": 3000, "_timestamp": 1685043183.7261813, "_runtime": 62496.40707015991, "_step": 300, "train/train_runtime": 62497.6146, "train/train_samples_per_second": 6.144, "train/train_steps_per_second": 0.048, "train/total_flos": 1.662903694393344e+18, "train/train_loss": 0.8657771379152934, "_wandb": {"runtime": 62495}}