{"train/loss": 1.0787, "train/learning_rate": 0.019266666666666668, "train/global_step": 110, "_timestamp": 1684982918.562103, "_runtime": 2231.242991924286, "_step": 10}