{"train/loss": 1.0165, "train/learning_rate": 0.019333333333333334, "train/epoch": 0.09, "train/global_step": 100, "_timestamp": 1684982721.9886563, "_runtime": 2034.669545173645, "_step": 9}