{"_timestamp": 1683599355.9406261, "_runtime": 50317.42434716225, "_step": 117}