{"_timestamp": 1683937142.9532647, "_runtime": 46260.13692474365, "_step": 469}